N,Tempo Naive (us),Tempo Neon (us),Tempo Neon opt (us),Tempo Neon opt manual (us),Prova
64,0.33034,0.27709,0.05001,0.03419,1
64,0.22464,0.2725,0.04747,0.03418,2
64,0.20876,0.27041,0.04751,0.03416,3
64,0.20792,0.26334,0.04753,0.03419,4
64,0.20828,0.29038,0.04748,0.03417,5
64,0.20914,0.26583,0.04707,0.03416,6
64,0.20833,0.26749,0.04708,0.0346,7
64,0.20835,0.26501,0.04751,0.03417,8
64,0.20837,0.26334,0.04709,0.03416,9
64,0.20832,0.26083,0.04714,0.03418,10
