N,Tempo Naive (us),Tempo Neon (us),Tempo Neon opt (us),Tempo Neon opt manual (us),Prova
4096,13.5608,20.1467,18.5917,0.02666,1
4096,11.657,18.8083,17.8542,0.04626,2
4096,12.065,18.8384,14.8791,0.0375,3
4096,9.88288,15.4079,14.545,0.03792,4
4096,10.5475,15.6467,13.0024,0.03376,5
4096,8.42208,13.3579,12.3693,0.03167,6
4096,8.41161,13.123,12.4904,0.02874,7
4096,7.27666,11.3741,10.7713,0.02794,8
4096,7.34123,11.3971,10.7571,0.0275,9
4096,7.30707,11.3779,10.5158,0.02458,10
