N,Tempo Naive (us),Tempo Neon (us),Prova
16,0.60916,0.5004,,1
16,0.60665,0.49957,,2
16,0.60918,0.49961,,3
16,0.61245,0.49999,,4
16,0.60499,0.50002,,5
16,0.61123,0.50081,,6
16,0.61792,0.50254,,7
16,0.62123,0.50456,,8
16,0.58915,0.50247,,9
16,0.58707,0.50168,,10
