N,Tempo Naive (us),Tempo Neon (us),Prova
16,0.61457,0.53253,,1
16,0.58745,0.50837,,2
16,0.67337,0.51796,,3
16,0.60043,0.50538,,4
16,0.59876,0.50499,,5
16,0.59254,0.50374,,6
16,0.59501,0.50669,,7
16,0.59664,0.50961,,8
16,0.59835,0.50293,,9
16,0.59876,0.50209,,10
