N,Tempo Naive (us),Tempo Neon (us),Tempo Neon opt (us),Prova
1024,2.77331,4.69582,2.27335,1
1024,2.75831,4.38794,1.86336,2
1024,2.42705,4.14915,1.85668,3
1024,2.4254,4.87634,1.67565,4
1024,2.84747,4.79829,1.66583,5
1024,2.80046,4.74415,1.66406,6
1024,2.79088,4.7375,1.66389,7
1024,2.79418,4.73707,1.6609,8
1024,2.7912,4.73999,1.66158,9
1024,2.95421,4.73666,1.65904,10
