N,Tempo Naive (us),Tempo Neon (us),Prova
16,0.85292,0.73878,1
16,0.84627,0.65171,2
16,0.73713,0.61212,3
16,0.71208,0.60713,4
16,0.70954,0.60914,5
16,0.70956,0.60544,6
16,0.71411,0.605,7
16,0.64414,0.53749,8
16,0.63039,0.53579,9
16,0.63208,0.53797,10
