N,Tempo Naive (us),Tempo Neon (us),Tempo Neon opt (us),Tempo Neon opt manual (us),Prova
16,0.08499,0.0921,0.04541,0.03626,1
16,0.07833,0.08751,0.04372,0.03581,2
16,0.07667,0.08666,0.04458,0.03581,3
16,0.07542,0.08792,0.04334,0.03626,4
16,0.0754,0.08749,0.04454,0.0363,5
16,0.07542,0.08708,0.0442,0.03664,6
16,0.0746,0.0875,0.04373,0.03665,7
16,0.07752,0.08665,0.04367,0.03583,8
16,0.07789,0.08668,0.04465,0.03624,9
16,0.0696,0.50541,0.03876,0.03249,10
