N,Tempo Naive(us),Tempo Neon(us),Prova
1024,3.19831,0.07167,1
1024,3.15749,0.04084,2
1024,3.13375,0.04084,3
1024,3.13834,0.04042,4
1024,3.28125,0.0404,5
1024,3.16918,0.04166,6
1024,2.85293,0.03505,7
1024,2.75623,0.0358,8
1024,2.75125,0.0346,9
1024,2.8721,0.03499,10
