N,Tempo Naive (us),Tempo Neon (us),Tempo Neon opt (us),Tempo Neon opt manual (us),Prova
256,0.55545,0.82538,0.57956,0.02458,1
256,0.54668,0.77995,0.53544,0.02501,2
256,0.54669,0.77793,0.53338,0.02542,3
256,0.54626,0.77302,0.53247,0.02499,4
256,0.54666,0.77933,0.53209,0.02457,5
256,0.54625,0.77813,0.53248,0.025,6
256,0.54627,0.7792,0.53248,0.025,7
256,0.54457,0.7764,0.53294,0.02417,8
256,0.54665,0.78012,0.53242,0.02501,9
256,0.54585,0.77857,0.53253,0.02458,10
