N,Tempo Naive (us),Tempo Neon (us),Tempo Neon opt (us),Tempo Neon opt manual (us),Prova
8,0.03332,0.03376,0.03373,0.04168,1
8,0.06483,0.04415,0.03708,0.04083,2
8,0.04042,0.045,0.03834,0.04041,3
8,0.04122,0.04207,0.03876,0.03918,4
8,0.0396,0.04332,0.03957,0.03832,5
8,0.04085,0.04251,0.03918,0.03876,6
8,0.04041,0.04459,0.03793,0.04124,7
8,0.03957,0.04207,0.03875,0.04,8
8,0.04001,0.04292,0.03998,0.03958,9
8,0.04083,0.04291,0.03582,0.04001,10
